Company Domain Name,Description,LinkedIn Bio
101domain.com,"101domain is the leader in international domain registration services, providing a vast selection of TLDs and comprehensive solutions for domain management, website services, brand protection, and corporate solutions.","101domain is The Leader in International Domains. If it’s available, we can register it. We can also help you build it, host it, and secure it. The Leader in International Domain Registration, we offer the largest selection of TLDs in the industry. 101..."
10up.com,"10up is a digital agency that specializes in creating finely crafted websites and tools for content creators. They provide consultative creative and engineering services, innovative tools, and dependable products to enhance digital experiences for clients like Microsoft, Disney, Google, and Starbucks using open source solutions like WordPress and React.","10up is a digital agency that specializes in creating finely crafted websites and tools for content creators. They work with clients like Microsoft, Time, ESPN, and Adobe to help them create a better web. With a team of over 120 experts in digital stra..."
10web.io,10Web provides an AI website builder ecosystem that helps you create or recreate any website in minutes.,
120over80.com,"120/80 is a Data Driven PPC Management agency specializing in a broad range of solutions that drive leads and conversions. Our services include PPC management, targeted social media marketing strategies, and maximizing ROI. We cater to B2B, professiona...","120/80 is a Data Driven PPC Management agency specializing in a broad range of solutions that drive leads and conversions. Our services include PPC management, targeted social media marketing strategies, and maximizing ROI. We cater to B2B, professiona..."
123reg.co.uk,123reg.co.uk didn’t send any data.,"Thank you for visiting our Facebook page! We really appreciate you leaving comments, photos, videos, and links here. However, we will review all comments and remove any that are deemed inappropriate or offensive."
147webdev.com,,
1blu.de,"1blu provides web hosting services including homepage packages, servers, and domains for professional websites and internet applications.",
1smg.com,"1 Source Media Group is a Las Vegas Digital Advertising Agency that provides solutions for everything businesses need to become digital and succeed online. They offer services such as social media marketing, search engine optimization, web design, mobi...","1 Source Media Group is a Las Vegas Digital Advertising Agency that provides solutions for everything businesses need to become digital and succeed online. They offer services such as social media marketing, search engine optimization, web design, mobi..."
1stonthelist.ca,"1st on the List Promotion Inc is a top SEO marketing company serving Canada and US clients. They provide custom search engine optimization, SEO web design, and PPC services. They specialize in organic SEO services, including technical audits, on-page o...","1st on the List Promotion Inc is a top SEO marketing company serving Canada and US clients. They provide custom search engine optimization, SEO web design, and PPC services. They specialize in organic SEO services, including technical audits, on-page o..."
1stopmarketingsolutions.com,"1 Stop Marketing Solutions is a full service marketing agency offering a wide range of marketing consulting services, specializing in internet marketing. Whether your business is new on the scene or you’re trying to revitalize the image of a long stand...","1 Stop Marketing Solutions is a full service marketing agency offering a wide range of marketing consulting services, specializing in internet marketing. Whether your business is new on the scene or you’re trying to revitalize the image of a long stand..."
1touchcomm.com,1Touch Communications provides cutting-edge telecom and cybersecurity solutions to enhance efficiency and cost-effectiveness for its clients.,
2-code.de,"2code is a WordPress agency that helps with the planning, creation, and management of WordPress projects. They offer services for projects, plugins, themes, shops, backups, intranets, and e-learnings. Their solutions are tailored to the client's needs ...","2code is a WordPress agency that helps with the planning, creation, and management of WordPress projects. They offer services for projects, plugins, themes, shops, backups, intranets, and e-learnings. Their solutions are tailored to the client's needs ..."
20i.com,"Hosting for WordPress, website hosting resellers, and virtual private servers (VPS). Fully-optimised SSD platforms with 100% UK support.","Hosting for WordPress, website hosting resellers, and virtual private servers (VPS). Fully-optimised SSD platforms with 100% UK support."
2782digital.com,"2782 Digital is a marketing, advertising, and web design agency located in Saint Petersburg, Florida. They offer a range of services including web design, app development, software development, search engine optimization, marketing and advertising solu...","2782 Digital is a marketing, advertising, and web design agency located in Saint Petersburg, Florida. They offer a range of services including web design, app development, software development, search engine optimization, marketing and advertising solu..."
29marketing.com,"29 Marketing is a top digital marketing agency that specializes in website design, SEO, and PPC. They use AI and smart web design to create exceptional online experiences for brands. Their experts leverage AI to optimize website performance and user en...","29 Marketing is a top digital marketing agency that specializes in website design, SEO, and PPC. They use AI and smart web design to create exceptional online experiences for brands. Their experts leverage AI to optimize website performance and user en..."
2cohost.com,"2CO Host is an affordable and reliable web hosting company that offers cPanel web hosting with NVMe (SSD) storage and free SSL. They provide unlimited bandwidth and options for shared and reseller hosting. In addition, they offer dedicated servers for customers who need dedicated CPU and RAM. With 2CO Host, customers can start their own web hosting business and resell cPanel-based hosting at a lower price. They also have state-of-the-art dedicated servers for customers who require dedicated CPU cores and resources. Payment options include 2Checkout, which accepts PayPal and credit/debit cards. 2CO Host ensures maximum performance with their cloud network.",
2g2.ai,"2G2 helps individuals repair their credit and secure business funding by offering credit stacks up to $100K, 0% APR for 12 months, and personalized financial solutions to help clients achieve their financial goals.",
2marketing.com,"2Marketing is a Toronto-based SEO company that offers a range of digital marketing services. With a team of SEO experts, they provide effective marketing solutions and proven results to businesses in Toronto. Their services include SEO, web design, dem...","2Marketing is a Toronto-based SEO company that offers a range of digital marketing services. With a team of SEO experts, they provide effective marketing solutions and proven results to businesses in Toronto. Their services include SEO, web design, dem..."
2web.ca,2web provides award-winning web design and custom web application development services in Saskatchewan.,
30secondexplainervideos.com,"Full service explainer video packages, starting at just $297. Includes script by US-writers, Studio Voiceover, and Cartoon Animation. Proven to increase conversions. No hidden fees","Full service explainer video packages, starting at just $297. Includes script by US-writers, Studio Voiceover, and Cartoon Animation. Proven to increase conversions. No hidden fees"
34sp.com,"Open, honest and more than 20 years of helping UK businesses succeed. Money back guarantee, no hidden fees, open seven days a week.","34SP.com is a website hosting services company that specializes in website hosting, discount domain names, low cost VPS servers and “It's nice to speak to people who are dedicated to supporting you.” “It means a lot to me that my website is reliable.” ..."
352digital.lu,,
3alogic.com,"3ALogic Inc. offers turnkey websites for doctors and medical clinics. Patients can find information about procedures, schedules, forms, and health tips. They can choose a convenient appointment time and receive confirmation and reminders via email. Nur...","3ALogic Inc. offers turnkey websites for doctors and medical clinics. Patients can find information about procedures, schedules, forms, and health tips. They can choose a convenient appointment time and receive confirmation and reminders via email. Nur..."
3dg-partners.com,"Technology Powered Growth Solutions | 3DG PARTNERS Accelerate growth, streamline operations, and accomplish more than ever before with 3DG Partners. With 3DG Partners, you get more than technology consulting — you gain a partner who’s walked in your sh...","Technology Powered Growth Solutions | 3DG PARTNERS Accelerate growth, streamline operations, and accomplish more than ever before with 3DG Partners. With 3DG Partners, you get more than technology consulting — you gain a partner who’s walked in your sh..."
3techagency.com,"3techagency is a sales and marketing automation platform that helps small and enterprise businesses scale up their sales and marketing efforts. They provide tools that cut down costs, improve efficiency, and enhance team versatility. Their all-in-one b...","3techagency is a sales and marketing automation platform that helps small and enterprise businesses scale up their sales and marketing efforts. They provide tools that cut down costs, improve efficiency, and enhance team versatility. Their all-in-one b..."
4cloud.ca,"4Cloud.ca provides local hosting services and support for small businesses in Alberta. They offer web hosting, email hosting, domain registration, and technical support. Their Canadian based servers provide fast load speeds and additional features. Wit...","4Cloud.ca provides local hosting services and support for small businesses in Alberta. They offer web hosting, email hosting, domain registration, and technical support. Their Canadian based servers provide fast load speeds and additional features. Wit..."
512citydesign.com,"512 City Design & Marketing is a digital marketing company that helps businesses get found and noticed through online searches. They offer comprehensive marketing services, including marketing strategy, website development, social media management, bra...","512 City Design & Marketing is a digital marketing company that helps businesses get found and noticed through online searches. They offer comprehensive marketing services, including marketing strategy, website development, social media management, bra..."
52degrees.uk,"As a general overview of 52 Degrees, we offer the following:  Acquisitions, Capital Solutions, Interim / Fractional Leadership, M&A and Advisory Services, Technology Solutions, and Value Creation.

52 Degrees has nearly half a century of collective experience in helping companies create value and business success.

We address our clients’ needs to realize their most strategic business goal with many proven solutions. There is no singular answer to this; many routes are utilized in this path to success for our clients.  

Much of our work is provided under GP, LP and consulting relationships outside of 52 Degrees.  However, 52 Degrees is our permanent base of operations.",
5cloudhost.com,"5cloudhost.com is a premium cloud web hosting provider that offers 5 years of blazing fast web hosting at a fraction of the cost of other hosting providers. They cater to both medium traffic personal sites and high traffic corporate sites, providing a 30-day money back guarantee with no questions asked. Additionally, they offer enterprise content management solutions. With their reliable and fast hosting services, customers can enjoy a seamless online experience for their websites.",
7523.pl,,
79andbreezy.com,"79 and Breezy provides a platform for creating and sharing content that highlights the intersection of fashion, culture, and lifestyle.",
7artisan.com,"株式会社セブンアーチザン is a company that provides a range of IT services, including network and server construction, website development, and rental server services. They operate their services using domestic data centers, ensuring security and utilizing managem...","株式会社セブンアーチザン is a company that provides a range of IT services, including network and server construction, website development, and rental server services. They operate their services using domestic data centers, ensuring security and utilizing managem..."
7sigmaoms.com,"7 Sigma Online Marketing Solutions provides digital marketing services including PPC advertising campaigns, Search Engine Optimization, Search Engine Marketing, and Social Media Marketing.",
90daymedia.com,"90 Day Media provides local digital marketing and advertising strategies tailored for your business, focusing on lead generation, website design, and targeted display and geofencing forms of paid media.",
a1seoglasgow.co.uk,"A1 SEO Glasgow is a leading SEO agency in Glasgow that specializes in helping businesses increase their rankings, get more traffic, and win new business. With a team of experienced SEO experts, A1 SEO Glasgow brings knowledge gained from working in hig...","A1 SEO Glasgow is a leading SEO agency in Glasgow that specializes in helping businesses increase their rankings, get more traffic, and win new business. With a team of experienced SEO experts, A1 SEO Glasgow brings knowledge gained from working in hig..."
a2btracking.com,"A2B Tracking is a leader in enterprise class solutions for identifying, marking and tracking critical assets in highly regulated environments. We facilitate compliance and deploy field hardened automatic identification and data capture systems seamless...","A2B Tracking is a leader in enterprise class solutions for identifying, marking and tracking critical assets in highly regulated environments. We facilitate compliance and deploy field hardened automatic identification and data capture systems seamless..."
a2oak.com,"Acorn To Oak Media Group specializes in providing comprehensive digital marketing services, including branding, lead generation, and social media management, aimed at fostering business growth through tailored strategies and organic traffic generation.",
a3zfirehawks.com,,
aabcap.com,,
aardvarky.com,"Wordpress Web Design & SEO Services | Banbury, Bicester, Oxfordshire Aardvarky Media provide creative web design, website development and SEO (search engine optimisation) services in Banbury, Oxfordshire. Who shows up whenYOUR customers search? Our web...","Wordpress Web Design & SEO Services | Banbury, Bicester, Oxfordshire Aardvarky Media provide creative web design, website development and SEO (search engine optimisation) services in Banbury, Oxfordshire. Who shows up whenYOUR customers search? Our web..."
aavishinfotech.com,"Aavish Infotech established in 2014, is a IT Solutions Company with core strength in IT infrastructure management and business application deployment. Company’s main office is located in Sahakar Nagar, Bangalore. Aavish Infotech managed by talented team of people experienced in various technology domains. Company is uniquely positioned to offer a single interface to technology integration and services. We provide effective and efficient IT infrastructure sourcing and enabling services to organizations of all sizes across various industry segments.

Solution and Services:
IT Infrastructure Management
Application Software Development
Website Design and Development
E-Commerce implementation.
Public Cloud Hosting",
abastock.co.uk,"Shopify and eCommerce SEO Consultant based in Brighton and Hove. Providing one to one tuition, consulting and marketing advise to small businesses to help get your business growing and making more money.","Shopify and eCommerce SEO Consultant based in Brighton and Hove. Providing one to one tuition, consulting and marketing advise to small businesses to help get your business growing and making more money."
abelohost.com,,
abion.com,"Abion provides technology-enabled solutions for managing intellectual property rights, offering comprehensive brand protection services that allow clients to focus on their core business activities.",
above.com,"Above helps users register, monetize, and trade domain names through an innovative investment platform.","Innovative Domain Name Investor Platform for registering domains, monetizing domains, and buying or selling domains."
abrhosting.com,"Kickstart your online presence with super fast and affordable website hosting and VPS hosting. With built-in tools to help beginners and pros from SEO optimisation, top of the line website builders and multiple configuration choices use ABR Hosting.",
abrightercompany.com,"Brighter is a full-service creative video agency that collaborates with networks, studios, and brands in Los Angeles to produce a wide range of video content, including advertisements, brand videos, testimonials, and explainers, from development to final delivery.",
acbingenieria.cl,"ACB Ingeniería is a technology integration company, present in Chile and Peru since 1995. We focus on simplifying the management of your business through the incorporation of technological, practical, simple, and high-performance solutions. Our service...","ACB Ingeniería is a technology integration company, present in Chile and Peru since 1995. We focus on simplifying the management of your business through the incorporation of technological, practical, simple, and high-performance solutions. Our service..."
acceleratesociety.com,Accelerate Society is a Digital Marketing Agency focusing on adding value for small and medium sized businesses. Our goal is to provide both a superior customer experience and tremendous value.,Accelerate Society is a Digital Marketing Agency focusing on adding value for small and medium sized businesses. Our goal is to provide both a superior customer experience and tremendous value.
acens.es,"Cloud hosting, Alojamiento web, Servidores, Correo, Dominios, Tiendas Registra tu dominio, crea tu web y tienda online, compra servidores dedicados, Correo Exchange y Cloud hosting de calidad en España con datacenter propio empresa del grupo Telefónic...","Cloud hosting, Alojamiento web, Servidores, Correo, Dominios, Tiendas Registra tu dominio, crea tu web y tienda online, compra servidores dedicados, Correo Exchange y Cloud hosting de calidad en España con datacenter propio empresa del grupo Telefónic..."
aceseoconsulting.com,"Ace SEO Consulting is a trusted internet marketing agency that provides results-driven services. They offer a range of online marketing solutions, including web design, SEO, SEM, social media marketing, branding, and training. Their expertise in search...","Ace SEO Consulting is a trusted internet marketing agency that provides results-driven services. They offer a range of online marketing solutions, including web design, SEO, SEM, social media marketing, branding, and training. Their expertise in search..."
aclass.es,"Aclass is one of the leading IT companies in Spain that provides IT services, including Web Development, Digital Marketing, E-commerce Solutions, Cloud Services, SEO Services, Hosting Services, Anti-Spam Services, Backup Services, etc.","Aclass is one of the leading IT companies in Spain that provides IT services, including Web Development, Digital Marketing, E-commerce Solutions, Cloud Services, SEO Services, Hosting Services, Anti-Spam Services, Backup Services, etc."
acrsolutionsllc.com,ACR Solutions provides technology expense management solutions that help simplify technology needs and achieve savings in telecom challenges.,
acsystem.cl,"ACSYSTEM is a company specialized in hosting and VPS solutions, as well as web design using Wordpress. They offer fast and stable hosting services for websites, with plans starting at $32,900 per year. In addition, they provide support and have verifie...","ACSYSTEM is a company specialized in hosting and VPS solutions, as well as web design using Wordpress. They offer fast and stable hosting services for websites, with plans starting at $32,900 per year. In addition, they provide support and have verifie..."
activatedmobilesolutions.com,"Activated Mobile Solutions, LLC uses the latest in Software and Web Design for today's Commercial and Federal markets. They provide custom applications and integrated solutions in Project Management, Content Management, Ticketing, Business Support, and...","Activated Mobile Solutions, LLC uses the latest in Software and Web Design for today's Commercial and Federal markets. They provide custom applications and integrated solutions in Project Management, Content Management, Ticketing, Business Support, and..."
activationdigital.ca,Activation Digital helps small to medium-sized businesses grow by providing expert digital marketing services that cover strategy to execution.,
active24.cz,"Active 24 is a web hosting and domain registration company that has been operating since 1996. They offer a wide range of internet services for websites and online projects, including domain registration, shared and private hosting, managed servers, an...","Active 24 is a web hosting and domain registration company that has been operating since 1996. They offer a wide range of internet services for websites and online projects, including domain registration, shared and private hosting, managed servers, an..."
activecampaign.com,"ActiveCampaign provides an autonomous marketing platform that uses AI agents to handle email, SMS, and WhatsApp campaigns for businesses, backed by extensive data analytics.",
actuatemedia.com,"Actuate Media is a nationally recognized Plug'n'Play Digital Agency that provides a range of digital marketing services. They specialize in PPC (Pay-Per-Click) advertising, SEO (Search Engine Optimization), CRO (Conversion Rate Optimization), website d...","Actuate Media is a nationally recognized Plug'n'Play Digital Agency that provides a range of digital marketing services. They specialize in PPC (Pay-Per-Click) advertising, SEO (Search Engine Optimization), CRO (Conversion Rate Optimization), website d..."
actwd.com,"ACTWD offers a variety of different digital marketing services for our clients. These include:

Web Design – ACTWD’s web design service has been developed with the need to rank in a search engine in mind, as well as building a corporate presence or brand. We offer several packages to help our clients have strong, effective websites and work to fit budgets of all sizes. Websites that need to rank well must have a good web host that understand the architecture, how the system works, and how to properly implement policies that work within Google guidelines.

Web Hosting – ACTWD offers a wide variety of hosting products that meet all levels of business. We also include, at no extra charge, intrusion protection services to help limit website hacks. We have found that most small business owners do not have the expertise to keep their websites safe past the basics.

SEO Services – ACTWD has developed to be a leader in Search optimization. We have a full staff of writers, designers and technical specialists to help sites rank in the search results organically.

Domain Registrations Services – ACTWD is a full service Domain Registration company and can offer any top level domain that is available. In addition, we work as the dispute department for Tucows because of our expertise in the areas of domain and domain ownership.

Reputation Management – ACTWD has helped many a business correct or manage their online presence. From a disgruntled employ that posts bad things about your company, to a disgruntled customer that turned in a bad review.

Citation Management and Local SEO – Local SEO and citation management are two things that businesses should now be aware of.",
acubizconsulting.com,"Cascadia Impact Lab helps driven wellness professionals Price and Market like a PRO through coaching, high-end consulting, and program creation to work less and make more.",
ad-exact.com,,
adalane.com,"Adalane Media Group is a full funnel ad agency providing omni channel digital solutions for direct to consumer brands. With a diverse team of experts, we offer a wide spectrum of services, ranging from precision media buying and data driven media measu...","Adalane Media Group is a full funnel ad agency providing omni channel digital solutions for direct to consumer brands. With a diverse team of experts, we offer a wide spectrum of services, ranging from precision media buying and data driven media measu..."
adaptivewebhosting.com,"No one has more Windows, Linux and WordPress Hosting experience than we do. We’ve been hosting with these technologies since day one. Host your site with the most respected and trusted web host in the field.

Our platforms are powered by Amazon Web Services (AWS)
We have taken advantage of the Amazon Web Services cloud platform to build a powerful, secure, and technically superior service.

AWS allows us to leverage a near-infinite amount of resources, security, and advanced tooling to scale and support your WordPress, Linux/PHP, and ASP.NET website and application requirements as demanded.

Windows 2019 ASP.NET & .NET Core Hosting
Our ASP.NET Hosting solutions are powered by optimized Windows 2019 servers, offering all of the great features you need to build or deploy websites and applications. We include ASP.NET 4.8, .NET Core 6.0, 5.0, 3.1, 2.1, MVC 6, Blazor Hosting, Razor, AJAX, Free Microsoft SQL 2019 databases with SSMS remote access, FREE SSL Certificates, and Free MySQL MariaDBs. 

Managed WordPress Hosting
We provide a secure and easy-to-use WordPress hosting platform. Now you can harness the power of the popular WordPress content management system (CMS) to build a website in no time. Get automated installation, FREE SSL, Security scanning, updates of WP Core, Plugins, & Themes, daily backups, as well as free WordPress migration services.

Linux Ubuntu PHP Hosting
Our PHP shared plans provide a free SitePad Website builder tool with hundreds of free themes to work with that allow you to get your website online with no programming knowledge. Our Linux PHP plans are also WordPress compatible. For developers, you can choose between PHP 8.0 and 7.4 using our PHP version control.","Managed WordPress | ASP.NET / .NET Core | Linux Ubuntu Hosting Platforms Build, deploy, and host your website on the most advanced Managed WordPress, ASP.NET / .NET Core, and Linux Ubuntu hosting platforms. Optimized Managed WordPress Hosting, Linux, &..."
adclichosting.com,"Servicios Hosting provides hosting services with SSD drives, a .com domain, SSL, and corporate emails completely free.",
adesso-service.com,"adesso SE is a professional service management company that specializes in the operation of complex and business-critical applications. They provide technology solutions across various platforms, from data centers to public cloud. They also offer suppo...","adesso SE is a professional service management company that specializes in the operation of complex and business-critical applications. They provide technology solutions across various platforms, from data centers to public cloud. They also offer suppo..."
adhosting.nl,AD Hosting provides reliable and scalable hosting solutions tailored to meet the needs of businesses and individuals looking for a dependable online presence.,
adisoftronics.in,"AdiSoftronics deals in web based solutions for Web Applications Development , CRM Development , Web Portal Development , E-Commerce Development,  Domain Name Registration and Web Hosting,. Soon company is going to offer payment gateway solutions and telecom solutions.",
adriahost.rs,"AdriaHost provides Web Hosting for small businesses & individuals. Whether you're looking for a domain or complete web hosting solution, AdriaHost got it!",
adrianpedroperez.com,"Adrián Pedro Pérez helps eCommerce businesses attract, convert, and retain more customers through email marketing strategies.",
advagy.com,"AI Powered Marketing Solutions Today is a fast paced digital landscape, where AI powered marketing solutions are stepping in to solve a huge gap. Accelerate your business growth, gain a social following, increase your search ranking, build online reputation and prioritize new revenue! Individuals and businesses alike are inundated with a myriad of digital products, services, and tools. From communication platforms and project management software to analytics dashboards and learning resources, the sheer volume of digital assets can often lead to inefficiencies, confusion, and wasted time. However, there is a solution: an AI powered marketing solution in a single platform.",
advanced.host,,
advancedlocal.com,"Advanced Local is a full-service marketing agency based in Utah. We specialize in local search and lead conversion, helping businesses improve their online visibility and increase sales. Our services include customized business plan solutions, SEO, web...","Advanced Local is a full-service marketing agency based in Utah. We specialize in local search and lead conversion, helping businesses improve their online visibility and increase sales. Our services include customized business plan solutions, SEO, web..."
advancemarketingpros.com,"Advance Marketing Pros is a leading digital marketing agency founded in 2010. With a data-driven approach, we help businesses of all sizes achieve their marketing goals and enhance their online presence. Our services include SEO, PPC, and social media management.",
advantage-seo.com,,
advantagelease.com,Advantage Leasing is a company dedicated to making significant impacts for small and medium-sized businesses. They provide essential equipment leasing services that empower businesses to thrive and succeed.,
advent-agency.com,Advent Marketing Agency provides digital marketing and online advertising services to help companies across the country grow their online presence and reach their target audiences effectively.,
advertisingbusiness.org,Elite Web Professionals provides web design services and lead generation through SEO and PPC strategies for businesses in Atlanta.,
adworldconf.com,"The Largest Online Advertising Conference 🎫 Deep dive into AI in Advertising; learn marketing tips, digital marketing strategies & more 🤓 🗓 29-30 March 2023","The Largest Online Advertising Conference 🎫 Deep dive into AI in Advertising; learn marketing tips, digital marketing strategies & more 🤓 🗓 29-30 March 2023"
aeserver.com,"AEserver is a UAE based domain name registrar and web hosting company. Some of our services include: Accredited .AE & .QA Domain Registrar, Online & Real time Domain Registration 24/7/365, Shared Web Hosting (Linux & Windows), Enterprise Email, SSL Cer...","AEserver is a UAE based domain name registrar and web hosting company. Some of our services include: Accredited .AE & .QA Domain Registrar, Online & Real time Domain Registration 24/7/365, Shared Web Hosting (Linux & Windows), Enterprise Email, SSL Cer..."
aeza.net,DataVice,
afluo.dev,"Afluo is a mobile and web app development company that helps clients design, develop, deploy, and distribute their software projects. They offer services for Flutter, iOS, Android, and website projects. Afluo takes care of everything from concept to re...","Afluo is a mobile and web app development company that helps clients design, develop, deploy, and distribute their software projects. They offer services for Flutter, iOS, Android, and website projects. Afluo takes care of everything from concept to re..."
afnic.fr,"Afnic provides domain name registration services for internet domains ending in .fr, .re, .pm, .yt, .wf, and .tf.",
afriweb.co.tz,"Afriweb specializes in website design and development, digital marketing, and hosting services to elevate your digital presence and bring your digital dreams to life.","Afriweb Limited is a company based in Tanzania that offers cheap web hosting, domain registration, and CMS solutions. They provide hosting services starting at Tsh 45,000 per year. Afriweb Limited also offers IT management consulting, infrastructure su..."
aftld.org,AfTLD focuses on managing and promoting top-level domains for African countries and regions.,
age.fund,AGE Crypto Investment Funds AGE Crypto manages cryptocurrency and crypto asset investment vehicles for qualified investors. Our flagship multi strategy fund was launched in 2018. Cryptocurrencies and other digital assets are the most promising asset cl...,AGE Crypto Investment Funds AGE Crypto manages cryptocurrency and crypto asset investment vehicles for qualified investors. Our flagship multi strategy fund was launched in 2018. Cryptocurrencies and other digital assets are the most promising asset cl...
agenciaeleven.com,"Agencia Eleven is a 100% SEO agency that specializes in search engine optimization to improve the visibility of our clients. We aim for a culture of differentiated services and understand better than anyone the needs of each client, site, and sector in...","Agencia Eleven is a 100% SEO agency that specializes in search engine optimization to improve the visibility of our clients. We aim for a culture of differentiated services and understand better than anyone the needs of each client, site, and sector in..."
agency8200.com,Agency 8200 helps businesses elevate their brand through AI-driven marketing strategies that focus on organic growth and efficient customer engagement.,
agencyjet.com,"Agency Jet is a full service digital marketing agency with 6 offices nationwide. We provide expert online marketing services including SEO, pay per click, and web design for small to medium size businesses. Agency Jet is a Results Driven Digital Market...","Agency Jet is a full service digital marketing agency with 6 offices nationwide. We provide expert online marketing services including SEO, pay per click, and web design for small to medium size businesses. Agency Jet is a Results Driven Digital Market..."
agentdigital.com.au,"Using the principals of Digital Marketing, we can help you target and grow the right audience, optimise a multi-channel marketing campaign, develop engaging and interactive content, and apply tactics for acquiring and retaining new customers.",
ahapa.com,"Ahapa is a platform that allows users to hire digital freelancers and find freelance jobs in various fields such as design, video editing, mobile app and website development, marketing, sales, and accounting. It provides a marketplace where individuals...","Ahapa is a platform that allows users to hire digital freelancers and find freelance jobs in various fields such as design, video editing, mobile app and website development, marketing, sales, and accounting. It provides a marketplace where individuals..."
ahimsadigital.co,"Ahimsa Digital is an SEO agency that specializes in growing website's organic traffic through optimization practices. They offer services such as SEO, digital PR, and link building to drive traffic, improve rankings, and increase revenue. The company w...","Ahimsa Digital is an SEO agency that specializes in growing website's organic traffic through optimization practices. They offer services such as SEO, digital PR, and link building to drive traffic, improve rankings, and increase revenue. The company w..."
aispera.com,"AI SPERA Inc. provides AI/Machine Learning based Cyber Threat Intelligence Search Engine. AI Spera provides AI driven security based on cyber threat intelligence. Online game security, network, system security, detection of anomalies, Cyber Threat Inte...","AI SPERA Inc. provides AI/Machine Learning based Cyber Threat Intelligence Search Engine. AI Spera provides AI driven security based on cyber threat intelligence. Online game security, network, system security, detection of anomalies, Cyber Threat Inte..."
ait.com,,
ajaxpickeringwebservices.ca,"Ajax Pickering Web Services is a full service digital marketing company based in Ajax Pickering, ON, serving the local business community in Durham Region & the GTA. They offer website design, SEO services, and social media management to help businesses attract and engage with new customers through responsive, fast-loading, and search engine friendly designs.","Ajax Pickering Web Services is a full service digital marketing company based in Ajax Pickering, ON, serving the local business community in Durham Region & the GTA. They offer website design, SEO services, and social media management to help businesse..."
akoca-seo.co.uk,"Digital Marketing Services | Oxfordshire | Akoca SEO Web Designer and Digital Marketing specialist based in Witney, Oxfordshire. Providing SEO ready, mobile optimised web development for SMEs We help SMEs With #WebDesign & #DigitalMarketing Based in ...","Digital Marketing Services | Oxfordshire | Akoca SEO Web Designer and Digital Marketing specialist based in Witney, Oxfordshire. Providing SEO ready, mobile optimised web development for SMEs We help SMEs With #WebDesign & #DigitalMarketing Based in ..."
akquinet.de,"akquinet AG is an international IT consulting firm based in Hamburg, Germany. They specialize in the development of custom software solutions for Java, SAP, and Microsoft, as well as ERP system implementation. They also offer outsourcing and business c...","akquinet AG is an international IT consulting firm based in Hamburg, Germany. They specialize in the development of custom software solutions for Java, SAP, and Microsoft, as well as ERP system implementation. They also offer outsourcing and business c..."
akrentreprenad.se,"AKR Entreprenad AB is a company specializing in total renovations and construction services. They offer a wide range of services including electrical work, carpentry, project management, and inspection. With over 10 years of experience, their team is h...","AKR Entreprenad AB is a company specializing in total renovations and construction services. They offer a wide range of services including electrical work, carpentry, project management, and inspection. With over 10 years of experience, their team is h..."
akuting.com,Akuting helps businesses transform their customer experience by optimizing sales and marketing processes.,
aladmosolutionshub.com,"Aladmo Solutions Hub provides expert assistance with thesis writing, research guidance, academic projects, and software-related issues to help you achieve excellence in your academic and professional endeavors.",
alastyr.com,"Alastyr.com  is a leading provider of domain registration- shared, reseller, VPS and dedicated web hosting in Turkey. Company was founded in 2002 with Smyrna name and company name changed in March 2011 from Smyrna to Alastyr.

Alastyr provide individual and corporate solutions for your needs.",
alawyerhelp.com,"A Lawyer Help provides legal, medical, and financial personal injury assistance, along with free transportation services and supports law firms in improving their online presence through digital marketing, video production, and content promotion.",
albadigitalsolutions.scot,"Alba Digital Solutions is a digital agency and cloud services provider based in Fife, Scotland. They offer a range of services including website design, digital marketing, cloud IT solutions, cyber security, website management, cPanel hosting, and Micr...","Alba Digital Solutions is a digital agency and cloud services provider based in Fife, Scotland. They offer a range of services including website design, digital marketing, cloud IT solutions, cyber security, website management, cPanel hosting, and Micr..."
albertofdez.com,"IngenieroSEO (albertofdez.com) is a Madrid-based SEO consultant specializing in web positioning. With over 12 years of experience, they focus on improving the profitability of internet projects through measurable results. They offer SEO services to inc...","IngenieroSEO (albertofdez.com) is a Madrid-based SEO consultant specializing in web positioning. With over 12 years of experience, they focus on improving the profitability of internet projects through measurable results. They offer SEO services to inc..."
alchemyinteractive.co.uk,"Alchemy Interactive is a London-based web design agency that offers a range of digital marketing services. With over 15 years of experience, they work with both small and large companies, providing responsive web design, content management systems (Joo...","Alchemy Interactive is a London-based web design agency that offers a range of digital marketing services. With over 15 years of experience, they work with both small and large companies, providing responsive web design, content management systems (Joo..."
alenasolutions.com,"AlenaSolutions conceives, designs, and builds first-class digital services that help you thrive in a digital world.",
alexamediamarketing.com,"Alexa Media Marketing is a full service digital marketing agency. We develop multi-channel marketing strategies for all industries. We specialize in customer experiences & brand development, while combining digital craftsmanship with innovative minds t...","Alexa Media Marketing is a full service digital marketing agency. We develop multi-channel marketing strategies for all industries. We specialize in customer experiences & brand development, while combining digital craftsmanship with innovative minds t..."
alexhost.com,"AlexHost: Affordable, quality hosting with unlimited possibilities and complete anonymity. Create top-notch websites effortlessly.","AlexHost: Affordable, quality hosting with unlimited possibilities and complete anonymity. Create top-notch websites effortlessly."
alfahosting.de,"Alfahosting provides affordable web hosting plans, domain registration, and server solutions for both beginners and experts, offering a professional platform for creating and managing websites.",
algodommedia.com,"Algodom Media is a data analytics company that focuses on collecting text data from various resources and analyzing it to provide useful insights. The company also offers online tools such as BytesView, TrackMyHashtag, FollowersAnalysis, and FollowerAu...","Algodom Media is a data analytics company that focuses on collecting text data from various resources and analyzing it to provide useful insights. The company also offers online tools such as BytesView, TrackMyHashtag, FollowersAnalysis, and FollowerAu..."
alianza.com,"Alianza connects people by powering a feature-rich and robust suite of cloud communications products for service providers, making it easy, profitable, and future-proof with a cloud-native, agile SaaS solution.","Alianza connects people by powering a feature-rich and robust suite of cloud communications products for service providers, making it easy, profitable, and future-proof with a cloud-native, agile SaaS solution."
alignintegratedsolutions.com,,
alinfajarltd.co.uk,,
alizeebaudez.com,Alizée Baudez is an international SEO consultant who offers tailored SEO solutions that align with your values. She helps businesses achieve organic growth and sustainable success through ethical SEO strategies. Alizée specializes in working with value...,Alizée Baudez is an international SEO consultant who offers tailored SEO solutions that align with your values. She helps businesses achieve organic growth and sustainable success through ethical SEO strategies. Alizée specializes in working with value...
allbetterbrands.com,"AllBetterBrands is a comprehensive online platform that provides information on the best brands in various industries. From fashion and beauty to technology and home goods, AllBetterBrands offers a curated selection of top-quality products and services...","AllBetterBrands is a comprehensive online platform that provides information on the best brands in various industries. From fashion and beauty to technology and home goods, AllBetterBrands offers a curated selection of top-quality products and services..."
allex.ai,"Allex.ai is a project management and resource planning software built specifically for the manufacturing, engineering, and production industries. It offers a range of features to help users manage projects, capacities, tasks, and resources in a seamles...","Allex.ai is a project management and resource planning software built specifically for the manufacturing, engineering, and production industries. It offers a range of features to help users manage projects, capacities, tasks, and resources in a seamles..."
allgreenhosting.co.uk,"All Green Hosting is a company that provides IT services and IT consulting. They offer an all-in-one website platform, with unmetered bandwidth and disk space. They also provide free templates to help customers take their ideas online and achieve onlin...","All Green Hosting is a company that provides IT services and IT consulting. They offer an all-in-one website platform, with unmetered bandwidth and disk space. They also provide free templates to help customers take their ideas online and achieve onlin..."
allwayswireless.com,"All Ways Wireless leverages network edge technology to provide businesses with assured connectivity solutions. From fully managed connections to network edge device support, we offer a comprehensive range of services to drive your business forward.","All Ways Wireless leverages network edge technology to provide businesses with assured connectivity solutions. From fully managed connections to network edge device support, we offer a comprehensive range of services to drive your business forward."
allwhere.co,"Global IT Procurement, Equipment & Asset Management | allwhere allwhere provides global coverage for procurement, retrieval, and storage of devices whether your team is in office, hybrid, or remote. Creating a best in class workplace in a work from any...","Global IT Procurement, Equipment & Asset Management | allwhere allwhere provides global coverage for procurement, retrieval, and storage of devices whether your team is in office, hybrid, or remote. Creating a best in class workplace in a work from any..."
altaeffectproductions.com,"Alta Effect Productions is a digital marketing agency located in Martinsburg, WV. We help local businesses obtain more positive online reviews, authoritati Alta Effect Productions is a full service digital marketing agency, and we create custom strateg...","Alta Effect Productions is a digital marketing agency located in Martinsburg, WV. We help local businesses obtain more positive online reviews, authoritati Alta Effect Productions is a full service digital marketing agency, and we create custom strateg..."
amaderit.net,"Welcome to Amader IT’s official Linkedin page.

Amader IT is a360-Degree Software Company. We are specialize in providing a comprehensive suite of Software solution, IT support and management services, including web development, mobile application development, Business Process Outsourcing (BPO) and a Digital Agency.

Our dedicated team of professionals is committed to delivering top-notch services that cater to the unique needs of our clients. We believe in the power of technology to drive business growth and are dedicated to helping our clients leverage their IT solutions to achieve their business objectives for tomorrow.

At Amader IT, we prioritize customer satisfaction and strive to provide an exceptional customer experience.

We are continually evolving and adapting to the latest technological advancements to provide our clients with cutting-edge IT solutions. Join us on our journey as we continue to redefine the IT landscape worldwide.
","Amader IT is a software company that specializes in web and mobile app development, UI/UX design, SEO, Digital Marketing, and software testing. They provide tailored solutions for businesses, including ERP solutions, web-based software, and application..."
amandacharlebois.com,,
amandawhitedigital.com,"Amanda White Digital is an experienced freelance SEO specialist based in Cornwall. They offer tailored SEO plans to help businesses get found online and grow. With over 10 years of experience in the digital marketing sector, they have worked with some ...","Amanda White Digital is an experienced freelance SEO specialist based in Cornwall. They offer tailored SEO plans to help businesses get found online and grow. With over 10 years of experience in the digital marketing sector, they have worked with some ..."
ambientmediainc.ca,"Ambient Media offers strategic marketing and advertising services, including media buying, web design, and email marketing, working closely with clients to develop tailored strategies and act as an extension of their marketing team to achieve advertising objectives.",
ambitionhost.in,We are always providing the best service with the best possible support in an easy way. We had helped a lot of small business owners and bloggers to get their idea and project online to reach their career to the next level of growth.,
amistrategies.com,"AMI Strategies is a company that provides big ticket vendor management technology, connectivity, and utility vendor management solutions. They offer automations and analyst expertise to ensure that businesses never miss an invoice, keep their service a...","AMI Strategies is a company that provides big ticket vendor management technology, connectivity, and utility vendor management solutions. They offer automations and analyst expertise to ensure that businesses never miss an invoice, keep their service a..."
amm.consulting,AMM Communication Consulting helps clients create a purposeful roadmap to achieve client-driven goals in the telecom industry.,
ampdigitalagency.com,"AMP Digital Agency specializes in providing comprehensive digital marketing services including SEO, PPC, web design, and social media marketing to businesses in Minnesota and Minneapolis.",
anaperezbotella.com,¿Quieres mejorar el posicionamiento de tu web en Google? El SEO puede ayudarte a llegar a tu público objetivo. ¿Hablamos?,¿Quieres mejorar el posicionamiento de tu web en Google? El SEO puede ayudarte a llegar a tu público objetivo. ¿Hablamos?
anchorbaymarketing.com,Anchor Bay Marketing helps you boost your brand by deeply understanding your business and making you their focus.,
anconitano.com,"Veruska Anconitano is a blog/magazine that provides simple, quick, and delicious recipes. They offer a wide range of Italian and traditional recipes, as well as international dishes. In addition to recipes, they also provide kitchen tips, stress-free c...","Veruska Anconitano is a blog/magazine that provides simple, quick, and delicious recipes. They offer a wide range of Italian and traditional recipes, as well as international dishes. In addition to recipes, they also provide kitchen tips, stress-free c..."
andersen-cc.no,"Andersen CC is a company that specializes in strength-based leadership, which helps increase engagement, resilience, self-leadership, collaboration, well-being, and high-performing teams.","Andersen CC is a company that specializes in strength-based leadership, which helps increase engagement, resilience, self-leadership, collaboration, well-being, and high-performing teams."
andrewlowry.com,"Web Design & SEO Sutton Coldfield | Expert & Professional Web Design & SEO Sutton Coldfield, Birmingham. Professional websites for businesses looking to grow their traffic, sales and leads. Get in touch today! Web designer, SEO consultant and digital m...","Web Design & SEO Sutton Coldfield | Expert & Professional Web Design & SEO Sutton Coldfield, Birmingham. Professional websites for businesses looking to grow their traffic, sales and leads. Get in touch today! Web designer, SEO consultant and digital m..."
andykuiper.com,"Andy Kuiper is a local Edmonton SEO company that has been providing SEO services since 2009, and search engine marketing (Google and Bing pay per click ads) services since 2005. They specialize in local search, internet marketing, pay per click (PPC) s...","Andy Kuiper is a local Edmonton SEO company that has been providing SEO services since 2009, and search engine marketing (Google and Bing pay per click ads) services since 2005. They specialize in local search, internet marketing, pay per click (PPC) s..."
anehagen.no,,
anexan.com,"Anexan is a B2B Technology Solutions Provider that aims to be a one-stop solutions center for entrepreneurs, business owners, and management worldwide. Their mission is to provide business owners with the latest technology to generate success in their ...","Anexan is a B2B Technology Solutions Provider that aims to be a one-stop solutions center for entrepreneurs, business owners, and management worldwide. Their mission is to provide business owners with the latest technology to generate success in their ..."
angrycreative.se,,
annacervinkova.com,anna červinková is a freelance photographer and SEO specialist with a background in Fine Art and Design. She has a passion for minimalism and sustainability. Anna helps sustainably minded brands and creatives grow online with creative visuals and SEO. ...,anna červinková is a freelance photographer and SEO specialist with a background in Fine Art and Design. She has a passion for minimalism and sustainability. Anna helps sustainably minded brands and creatives grow online with creative visuals and SEO. ...
anntoine.com,"Anntoine Marketing + Design is a full-service marketing and design agency based in Hammond, LA. They offer a multitude of services to help businesses become noticed, engaged, and profitable. Their services include website development, logo creation, gr...","Anntoine Marketing + Design is a full-service marketing and design agency based in Hammond, LA. They offer a multitude of services to help businesses become noticed, engaged, and profitable. Their services include website development, logo creation, gr..."
aplus.net,"Aplus.net, a Deluxe Company, is a provider of leading edge web services designed to help small businesses GROW THEIR BUSINESS.  At Aplus.net, our mission is to provide what small businesses need, from domain name registration to high value web hosting and design services.  We also offer online advertising services, search engine optimization, ecommerce and access to logo design, pay per click advertising services and more. Our services have the reliability and scalability of big business solutions at a small business price, taking the burden of IT development and support off of your shoulders, so you can focus on what you know best, managing your business.","Aplus.net specializes in providing web hosting, domain registration, and website design services tailored for small businesses, ensuring they can establish a strong online presence with features like 99.9% uptime and 24/7 customer support."
appcronix.in,"AppCroNix Infotech provides innovative software development solutions, including web development, mobile app development, and custom software development, to help businesses enhance their operations and achieve their goals through technology.",
appendxdigital.com,"AppendX Digital is a company that specializes in solving business problems and automating processes through software and web development, digital marketing, and technical leadership consulting. They offer custom-tailored solutions for small and medium businesses to help them grow and succeed in the digital landscape.",
appqik.com,Appqik It Solutions and Technology Pvt is a mobile app development IT services company with 7 years of experience. We specialize in reducing time to market and cost effectiveness for developing and maintaining unique and customized mobile and web solut...,Appqik It Solutions and Technology Pvt is a mobile app development IT services company with 7 years of experience. We specialize in reducing time to market and cost effectiveness for developing and maintaining unique and customized mobile and web solut...
approachseo.com,"Approach SEO is an award-winning SEO company based in Southern California. With a 10+ year track record, we have helped over 5,000 brands and companies achieve their online marketing goals by ranking them on Page 1 of Google. We specialize in local and...","Approach SEO is an award-winning SEO company based in Southern California. With a 10+ year track record, we have helped over 5,000 brands and companies achieve their online marketing goals by ranking them on Page 1 of Google. We specialize in local and..."
appwrite.io,"Appwrite is the developers' cloud. An open-source, cloud development platform for developers who like to get things done. Use built-in backend infrastructure and web hosting, all from a single place.

Add Authentication, Databases, Functions, Storage, and Messaging to your projects using the frameworks and languages of your choice. Integrated with hosting.

Build like a team of hundreds_",
aptum.com,"In this era of ubiquitous computing the defining, delivering, managing, and scaling your digital services in a reliable and cost effectively has never been more complicated. Aptum enables you to own your destiny in this fast-moving technology ecosystem. 

We specialize in cloud computing solutions, modern infrastructure, platform engineering and managed services designed to support you at every step of your journey. Aptum combines the hard-earned decades of experience delivering the world class internet services and high-performance enterprise hosting of Cogeco Peer1 along with CloudOps, the market innovator of multicloud-native platform engineering and operations, and the global reach and digital infrastructure leadership of Digital Bridge.

Our proven ability to deliver certified Azure, AWS and GCP solutions alongside mission critical private cloud and edge computing services is how we truly stand out and fulfill the brand promise of enabling your workloads with the right supporting platforms at the right time. Our software defined Aptum Hybrid Cloud Manager gives you full transparency and control across your services.

We provide 24x7 support, managed services, and along with our consulting and professional services make sure you get the right expertise at the right time to bring clarity and confidence to a world of constant change.  We believe in the importance of clarity and choice, supporting businesses—from growing enterprises to SaaS and large-scale service providers—to diagnose and resolve today’s challenges that pave the way for tomorrow’s opportunities.

Aptum is headquartered in Toronto, ON with operations across North America & Europe, and is a portfolio company of DigitalBridge, a global investment firm dedicated to strategic opportunities in digital infrastructure.

Visit us at www.aptum.com to discover how we can help.",
arasoftwares.com,"At ara, we provide number of digital services and software products that are tailor made as per the requirements. We have a team of highly experienced professional having expertise in cutting edge technology so that we can provide technological solution to every risk you face through our services and products. We focus greatly on the customer satisfaction that made us to provide extensive support for our services and products post delivery.",
archive.com,"Archive offers an influencer marketing platform that automates the collection of user-generated content, enabling users to quickly find and utilize tagged content for various marketing campaigns while providing insightful reporting and analytics.","Archive offers an influencer marketing platform that automates the collection of user-generated content, enabling users to quickly find and utilize tagged content for various marketing campaigns while providing insightful reporting and analytics."
ardenmedia.com,"Arden Media is a global B2B News, Information and Events Company that connects telecom technology buyers with technology sellers. At the core of Arden Media’s offering is its award winning content, which drives community engagement through branding, th...","Arden Media is a global B2B News, Information and Events Company that connects telecom technology buyers with technology sellers. At the core of Arden Media’s offering is its award winning content, which drives community engagement through branding, th..."
argeweb.nl,"Hosting provider voor domeinnaam registreren en webhosting Hosting bij Argeweb. Webhosting pakketten, VPS hosting en domeinnaam registreren bij één van de grootste hosting providers van Nederland. Alle diensten zoals domeinregistratie, webhosting, onli...","Hosting provider voor domeinnaam registreren en webhosting Hosting bij Argeweb. Webhosting pakketten, VPS hosting en domeinnaam registreren bij één van de grootste hosting providers van Nederland. Alle diensten zoals domeinregistratie, webhosting, onli..."
ariellehurst.com,,
arken.digital,Arken Digital is an SEO agency that helps SMEs and e-commerce businesses increase leads and sales through sustainable SEO growth. They specialize in delivering organic traffic and helping businesses make a great first impression with professionally des...,Arken Digital is an SEO agency that helps SMEs and e-commerce businesses increase leads and sales through sustainable SEO growth. They specialize in delivering organic traffic and helping businesses make a great first impression with professionally des...
armyhost.net,️Fast Support (Both Dutch and English)  Good servers  Top Quality  Top Manangement  All nice ideas  Sometimes sometimes Discount or giveaway,
Arsys.es,"Arsys.es is a Spanish company that specializes in providing web hosting, cloud computing solutions, and domain registration services. They offer innovative and reliable products with excellent customer service, making it an ideal choice for businesses ...","Arsys is a leading provider of cloud computing services in Spain. With over 25 years of experience, Arsys offers a wide range of internet solutions for businesses and professionals, including web presence, managed hosting, and infrastructure as a servi..."
art.art,".ART domains provide a digital identity for artists, museums, galleries, and creative websites, allowing them to establish their presence in the global creative community.",".ART domains digital identity for your creative personality Domain names for artists, museums, galleries, art institutions and creative websites of all kind. Find your .ART domain establish your digital identity and join the global creative community! ..."
arthurlawrence.net,"Arthur Lawrence is a global management and technology consulting firm with expertise in talent acquisition, finance and accounting services, digital transformation and customer experience solutions. 

Our clientele boasts of organizations that are among the Fortune 500 and Global 2000 lists. Our alliance with the Big Four firms and leading technology giants have been a result of our commitment to delivering exceptional results for over two decades. We have been recognized as a 2023 Top Workplace in Houston as well as named in The Global Outsourcing 100 and Inc. 5000 lists.

Our winning engagements range from big data solutions for aerospace companies, business intelligence projects for the oil and gas industry and technology transformation and implementation for governments and private sector corporations to finance automation solutions and business process outsourcing across industries. 

Arthur Lawrence operates globally from offices across the US, Canada, the UK, the Middle East and Africa region and South Asia. 
To learn more, visit our website: www.arthurlawrence.net","Arthur Lawrence is a management and technology consulting firm offering enterprise-wide business transformation, outsourcing, and application implementation services. Specializing in talent acquisition, business process management, and digital solutions, we collaborate with clients to develop innovative strategies and solutions for high performance."
artificialiq.com.mx,"Te ayudamos  a optimizar las comunicaciones: creación de MDF´s, cableado estructurado, FO, equipo activo, seguridad, CCTV, Controles de Acceso y Alarmas,","Te ayudamos a optimizar las comunicaciones: creación de MDF´s, cableado estructurado, FO, equipo activo, seguridad, CCTV, Controles de Acceso y Alarmas,"
ascom.com,"Ascom provides integrated communication and collaboration solutions tailored for hospitals, long-term care facilities, and enterprise organizations, focusing on enhancing workflow efficiency and staff safety in healthcare environments.","Ascom provides integrated communication and collaboration solutions tailored for hospitals, long-term care facilities, and enterprise organizations, focusing on enhancing workflow efficiency and staff safety in healthcare environments."
asimic.me,,
askvancura.com,"VanCura & Associates, Inc. specializes in IT Consulting, providing business Computer Support and Network Services in Orlando, Altamonte Springs, Orange County, Seminole County, Longwood, and Maitland. They offer a strategic partnership to businesses with 10-150 employees in Orlando and Central Florida, aiming to optimize IT infrastructure and simplify processes for enhanced growth opportunities.","VanCura & Associates specializes in IT Consulting, providing business Computer Support and Network Services in Orlando, Altamonte Springs, Orange County, Seminole County, Longwood and Maitland."
asmarketingagency.com,"AS Marketing Agency is an online marketing agency in Hamburg that offers a range of services to help businesses reach new target markets, improve their SEO, and enhance their social media presence. Their CEO and Founder, along with their team, develop ...","AS Marketing Agency is an online marketing agency in Hamburg that offers a range of services to help businesses reach new target markets, improve their SEO, and enhance their social media presence. Their CEO and Founder, along with their team, develop ..."
aspiredigitalsolutions.com,"Aspire Digital Solutions is a digital marketing agency that helps businesses address the challenges they face online and in the marketplace. Our marketing products allow businesses to build a stronger presence, connect with more customers and grow a st...","Aspire Digital Solutions is a digital marketing agency that helps businesses address the challenges they face online and in the marketplace. Our marketing products allow businesses to build a stronger presence, connect with more customers and grow a st..."
aspiroagency.com,"Aspiro Agency is a small digital marketing agency based in Flower Mound, Texas. Since its founding in 2014, Aspiro has been helping businesses of all sizes maximize their online presence through personalized digital marketing strategies. Their services...","Aspiro Agency is a small digital marketing agency based in Flower Mound, Texas. Since its founding in 2014, Aspiro has been helping businesses of all sizes maximize their online presence through personalized digital marketing strategies. Their services..."
assuredoutcomes.co,"Assured Outcomes Inc is a company that provides comprehensive technology and cyber security solutions. They offer risk assessments, technology strategies, and cyber security plans to help businesses identify vulnerabilities and potential threats. They ...","Assured Outcomes Inc is a company that provides comprehensive technology and cyber security solutions. They offer risk assessments, technology strategies, and cyber security plans to help businesses identify vulnerabilities and potential threats. They ..."
assuredvelocity.com,,
astrid-kramer.com,"Astrid Kramer is an enterprise SEO consultant, UX and system design online marketing consulting company. They have been successful in the market for over 13 years. Astrid Kramer provides corporate SEO and UX services, as well as digital strategy consul...","Astrid Kramer is an enterprise SEO consultant, UX and system design online marketing consulting company. They have been successful in the market for over 13 years. Astrid Kramer provides corporate SEO and UX services, as well as digital strategy consul..."
astutium.com,"Astutium provides fast, secure, and reliable web hosting and domain registration services for businesses and individuals.",
atarim.io,"Atarim is a trusted platform for visual collaboration and creative workflows, simplifying feedback processes for web agencies and improving team efficiency.",
atechsites.com,"Websites + Digital Marketing from Academy Technology Building Online Presence for Companies and Exceptional Individuals since 2018 We started as a website development company. We quickly realized that businesses need more than just a website.Brick and mortar retailers need help getting listed in online directories, apps, and voice search. Online retailers need advertising campaigns organizedacross multiple channels of search and social media, that appeal to their target audience. There is no one size fits all solution to online marketing. Instead ofan aggressive sales push, we research your company and its industry, then  Online Audio and Video Media",
atheniumtechnology.com,"Oregon's leading technology consultants specializing in vCIO, UCaaS, and CCaaS for businesses nationwide.",
atlanticwebworks.com,"Atlantic Webworks is a strategic web, social media and digital marketing agency. We provide comprehensive, strategic web development, social media, traditional and interactive marketing services. Our websites are custom developed for each client and fe...","Atlantic Webworks is a strategic web, social media and digital marketing agency. We provide comprehensive, strategic web development, social media, traditional and interactive marketing services. Our websites are custom developed for each client and fe..."
atomic4.net,"En Atomic4.net desarrollamos proyectos en Internet enfocados a la venta y a la monetización. Trabajamos para Startups, Pymes y Multinacionales. Llámanos sin compromiso.",Atomic4 is a Digital Marketing and Web Development Agency. We specialize in creating websites that drive sales and increase brand visibility. Our team of professionals is passionate about delivering results and helping businesses grow through digital m...
att.com,"We understand that our customers want an easier, less complicated life.  
 
We’re using our network, labs, products, services, and people to create a world where everything works together seamlessly, and life is better as a result.  How will we continue to drive for this excellence in innovation?
 
With you.
 
Our people, and their passion to succeed, are at the heart of what we do. Today, we’re poised to connect millions of people with their world, delivering the human benefits of technology in ways that defy the imaginable.
 
What are you dreaming of doing with your career?
  
Find stories about our talent, career advice, opportunities, company news, and innovations here on LinkedIn.
 
To learn more about joining AT&T, visit: http://www.att.jobs

We provide in some of our posts links to articles or posts from third-party websites unaffiliated with AT&T.  In doing so, AT&T is not adopting, endorsing or otherwise approving the content of those articles or posts.  AT&T is providing this content for your information only.","AT&T provides a comprehensive range of communications and digital entertainment services, including wireless communications, broadband internet, and digital video services, catering to both consumers and businesses across the United States and Latin America."
attractivityllc.com,,
audseo.com,"AuDSEO provides SEO, website design, digital ads, and social media services tailored for audiology and ENT practices.",
auroinfo.com,"Auroinfo specializes in web development and digital marketing services, aiming to enhance brand value and drive traffic through targeted IT solutions in a competitive online landscape.","Auroinfo specializes in web development and digital marketing services, aiming to enhance brand value and drive traffic through targeted IT solutions in a competitive online landscape."
autio.es,,
automattic.com,"Automattic, Inc. is a web development company founded in August 2005, known for WordPress.com, WooCommerce, Jetpack, and other products. With over 1,500 employees in 84 countries, Automattic is dedicated to making the web a better place through its innovative publishing platforms and services.","Automattic, Inc. is a web development company founded in August 2005, known for WordPress.com, WooCommerce, Jetpack, and other products. With over 1,500 employees in 84 countries, Automattic is dedicated to making the web a better place through its inn..."
auxesys.com,"Auxesys specializes in providing digital marketing and IT solutions tailored for small professional service firms, particularly Registered Investment Advisors (RIAs) with over $500 million in assets under management, helping them achieve organic growth, enhance client retention, and improve firm valuations while navigating complex regulatory environments.",
availpartners.net,"Avail Partners is a technology management consulting firm specializing in cloud migration, datacenter colocation, managed hosting, cyber security, connectivity, and IT services. They help clients in manufacturing, software as a service, healthcare, eCommerce, and financial sectors optimize technology for a competitive edge. With a unique success-based business model, they offer solutions design, vendor procurement, market intelligence, and IT/revenue analysis to drive better cloud economics and operational efficiency.","Avail Partners is a technology management consulting firm specializing in cloud migration, datacenter colocation, managed hosting, cyber security, connectivity, and IT services. They help clients in manufacturing, software as a service, healthcare, eCommerce, and financial sectors optimize technology for a competitive edge. With a unique success-based business model, they offer solutions design, vendor procurement, market intelligence, and IT/revenue analysis to drive better cloud economics and operational efficiency."
avalanchedesigns.com,,
aventis-advisors.com,"Aventis Advisors specializes in providing M&A advisory services specifically for technology and growth companies, offering expert guidance throughout the entire deal process to facilitate successful transactions.",
awesomesaucedigitalmarketing.com,"Awesome Sauce Digital Marketing in Tampa, FL offers a spicy blend of SEO, PPC, website design, and social media strategies for a bold digital marketing recipe.",
awfulgood.co.uk,Awful Good is a digital marketing consultancy based in Brighton. They specialize in providing digital marketing services for smart brands with big plans. They offer advertising services and can be contacted at [email protected] or 01273 434070.,Awful Good is a digital marketing consultancy based in Brighton. They specialize in providing digital marketing services for smart brands with big plans. They offer advertising services and can be contacted at [email protected] or 01273 434070.
axarnet.es,"Axarnet provides hosting services including web hosting, WordPress hosting, and VPS servers with 24/7 support in Spanish and free migration.","Hosting web, Servidores VPS y Cloud ✅ Con Soporte 24x7 en español ✅ Backup ✅ Certificados SSL ✅ Dominios ▶️ Aprovecha nuestras ofertas"
axonpartnersgroup.com,Axon Partners Group is a global firm focused on technology and innovation. They offer two-dimensional approaches: consulting and investment. Their venture capital services partner with visionary leaders to drive innovation in technology. Their consulta...,Axon Partners Group is a global firm focused on technology and innovation. They offer two-dimensional approaches: consulting and investment. Their venture capital services partner with visionary leaders to drive innovation in technology. Their consulta...
axysdigitalmarketing.com,"Axys Digital Marketing is an award winning affordable local SEO and digital marketing company serving San Diego County and all of California. Axys Digital Marketing LLC specializes in local business digital marketing in Oceanside, Encinitas, and San Di...","Axys Digital Marketing is an award winning affordable local SEO and digital marketing company serving San Diego County and all of California. Axys Digital Marketing LLC specializes in local business digital marketing in Oceanside, Encinitas, and San Di..."